id,primary_name,count_current_type,deposits_abstracts_current,abstracts_current_type
78,Elsevier BV,565839,TRUE,0.2758152053852774
297,Springer Science and Business Media LLC,177721,TRUE,0.9999943732029417
54368,openRxiv,162084,TRUE,0.9999938303595666
3145,Copernicus GmbH,92272,TRUE,0.9380527137159702
1086,American Association for Cancer Research (AACR),91345,TRUE,1
1968,MDPI AG,77393,TRUE,0.9960332329797268
15934,Center for Open Science,58776,TRUE,0.9472063427249217
54080,The Conversation,54834,FALSE,0
311,Wiley,39047,TRUE,0.810382359720337
316,American Chemical Society (ACS),28144,TRUE,0.9390989198408186
8761,Research Square Platform LLC,16301,TRUE,1
31795,Front Matter,15055,TRUE,0.9950182663566921
1010,JMIR Publications Inc.,13877,TRUE,0.997405779347121
263,Institute of Electrical and Electronics Engineers (IEEE),11917,TRUE,0.9732315179994965
37393,Staatliche Kunstsammlungen Dresden,9257,TRUE,1
4374,"eLife Sciences Publications, Ltd",8598,TRUE,1
18300,Toronto Metropolitan University Library and Archives,8145,TRUE,1
8674,Universitas Muhammadiyah Sidoarjo,5714,TRUE,0
29705,California Digital Library (CDL),5417,TRUE,0.984862470001846
285,Optica Publishing Group,4176,TRUE,1
21822,Firenze University Press,3619,TRUE,0
17262,Qeios Ltd,3226,TRUE,1
257,Geological Society of America,3100,TRUE,1
56,Cambridge University Press (CUP),2923,TRUE,1
33966,Open Engineering Inc,2699,TRUE,0.9592441645053724
56385,Mongabay,2652,FALSE,0
530,FapUNIFESP (SciELO),2466,TRUE,0.9914841849148418
2560,F1000 Research Ltd,2411,TRUE,0.5864786395686437
30676,Cassyni,2377,TRUE,0.9945309213294068
1167,American Diabetes Association,2292,TRUE,1
22980,Morressier GmbH,2253,FALSE,0
10196,NPG Publishing,2216,TRUE,1
37285,Polygence,1717,FALSE,0
5403,ScienceOpen,1615,TRUE,0.9894736842105263
12730,Karolinska Institutet,1432,TRUE,1
7078,"ZappyLab, Inc.",1379,TRUE,1
242,CABI Publishing,1236,TRUE,0.08009708737864078
345,Microbiology Society,1124,TRUE,1
861,Society of Petroleum Engineers (SPE),1079,TRUE,0
53665,Faculti Media Limited,988,TRUE,0.8137651821862348
179,SAGE Publications,904,TRUE,0.7599557522123894
26239,Applied Energy Innovation Institute (AEii),879,FALSE,0
31336,Fund Science and Culture Support Centre,779,TRUE,0
11875,Even3,705,TRUE,1
3992,The Society of Naval Architects and Marine Engineers,676,TRUE,0
9794,Society for Artistic Research,622,TRUE,0.9887459807073955
2258,Pensoft Publishers,550,TRUE,1
12952,University of Tennessee,525,TRUE,1
5801,The Hong Kong University of Science and Technology Library,511,FALSE,0
7569,University of Ottawa Library,425,TRUE,0.002352941176470588
10777,Florida International University,356,TRUE,0
237,The Company of Biologists,355,TRUE,0
25732,Universitatsbibliothek Bamberg,321,TRUE,0
10438,Bucharest University of Economic Studies,314,TRUE,0
18353,Dominican University of California,298,TRUE,0
49317,DeSci Labs AG,289,FALSE,0
9621,PubPub,263,FALSE,0
14217,"Colorado College, Tutt Library",262,FALSE,0
8634,Russian Research Anti-Plague Institute Microbe,253,TRUE,1
22755,University of the Free State,241,TRUE,1
10286,Crossref,238,TRUE,0.9747899159663866
54718,Shenzhen Medical Academy of Research and Translation,238,TRUE,1
7980,University of Southern Mississippi,236,TRUE,0
48409,Paideia Studio (publications),219,TRUE,0.767123287671233
3180,Amsterdam University Press,217,TRUE,1
55228,Cifra Ltd – Russian Agency for Digital Standardization (RADS) publishing,192,TRUE,0.1302083333333333
8410,OAE Publishing Inc.,177,TRUE,0
2086,Beilstein Institut,165,TRUE,1
54601,China Humanities Publishing House,160,FALSE,0
19448,Cifra Ltd - Russian Agency for Digital Standardization (RADS),150,TRUE,0.2266666666666667
48263,"Center for Scientific Research and Development in Higher Education Institutes, Ministry of Education",139,FALSE,0
53832,The Balagha Corpus,138,TRUE,1
48802,Earthquake Insights,137,FALSE,0
4043,EMBL-EBI,136,TRUE,0.823529411764706
12964,National Laboratory of the Rockies,133,FALSE,0
13290,University Goettingen,126,TRUE,0
10490,"Institute of Marine Engineering, Science and Technology (IMarEST)",111,TRUE,0
5183,American Society of Agricultural and Biological Engineers (ASABE),98,TRUE,1
7822,Test accounts,97,TRUE,0
8607,Federal Reserve Bank of Minneapolis,95,FALSE,0
5433,UCL Press,75,TRUE,0
10792,UNISA Press,73,TRUE,1
50945,CarbonPlan,71,FALSE,0
14073,University of Missouri Libraries,70,TRUE,0
7524,Wageningen University and Research,69,TRUE,0
77,The Electrochemical Society,63,TRUE,0.9841269841269841
6221,National Institute for Health and Care Research,63,TRUE,1
29671,Mekong River Commission,61,TRUE,0
38752,Universidad Estatal Amazónica,58,TRUE,0
11293,The Royal Society of Tasmania,51,TRUE,1
11508,"James P. Adams Library, Rhode Island College",51,TRUE,1
4923,Open Book Publishers,49,TRUE,0
3774,IntechOpen,47,TRUE,1
55222,21 September University for Medical and Applied Sciences,45,TRUE,0.08888888888888889
7597,Brepols Publishers NV,41,TRUE,1
56045,Global Movement Research,38,FALSE,0
11224,Victoria University of Wellington Library,37,TRUE,1
32269,International Labour Organization,37,TRUE,0.8918918918918919
56895,Science Education Resource Center at Carleton College,37,TRUE,1
48891,Sunrise International Education Inc.,35,FALSE,0
56473,imperix Ltd,34,TRUE,1
246,Cold Spring Harbor Laboratory,33,TRUE,1
6626,The University of Iowa,33,TRUE,0.9696969696969697
14,American Mathematical Society (AMS),32,TRUE,0
19348,Instituto Nacional de Salud - Direccion de Vigilancia y Analisis del Riesgo en Salud Publica,32,TRUE,0
22141,CALNESTOR Knowledge Solutions Private Limited,31,FALSE,0
53175,"Nexus Platforms, Inc.",28,FALSE,0
2184,"Wolfram Research, Inc.",27,TRUE,0
37050,NDT.net GmbH & Co. KG,25,TRUE,0
14118,Bibliotheque de l'Universite Laval,24,TRUE,0
8945,Rhodes University,23,TRUE,1
11938,Universidad de Concepcion,23,TRUE,0
35667,"University of Denver, University Libraries",23,TRUE,0
14238,Williams College,21,TRUE,0
6011,Vasyl Stefanyk Precarpathian National University,18,TRUE,1
3748,Purdue University Press,17,TRUE,0
38766,The Institute of Reflective Investigations & Specialization,17,TRUE,0.7058823529411765
23910,Editora Alumniin,16,TRUE,0
11044,Federal Reserve Bank of Cleveland,15,TRUE,1
51602,Ideal Teachers' Training College,15,TRUE,1
54657,Emerge Publications,15,TRUE,0.06666666666666667
2796,SAE International,14,TRUE,0
54014,Interactives Press Ltd,14,TRUE,1
56924,Proofbox GmbH,14,TRUE,0.9285714285714286
6672,The University of Kansas,13,TRUE,0
39001,"The Journal of Emerging Investigators, Inc.",13,TRUE,0
48717,Curvenote Inc.,13,TRUE,1
49114,Atomic Academia Ltd,13,TRUE,1
50417,"Institute of Mining, Ural Branch of the Russian Academy of Sciences",13,TRUE,0
5390,BCS Learning & Development Ltd,12,TRUE,0.9166666666666667
30474,North Carolina State University,12,TRUE,0
36756,SMW Supporting Association,12,TRUE,0
1073,Pontificia Universidad Catolica de Valparaiso,11,TRUE,0
8901,AIJR Publisher,11,TRUE,1
38670,EYA Academy,11,TRUE,0
281,MIT Press,10,TRUE,0
33493,O P Jindal Global University,10,TRUE,0
34163,Centre de Recherche de l'Institut Universitaire de Geriatrie de Montreal,10,FALSE,0
39174,Science Colab,10,TRUE,1
51168,Transforming Evidence,8,TRUE,1
53159,b.next,8,TRUE,0.875
55413,Münchner Gesellschaft zur Förderung der Wirtschaftswissenschaft – CESifo GmbH,8,TRUE,0
3842,MathDoc/Centre Mersenne,7,TRUE,0
16078,A.P. Ershov Institute of Informatics Systems SB RAS,7,FALSE,0
17333,Society of Psychoceramics,7,TRUE,0.1428571428571429
26493,Tree of Evolution,7,FALSE,0
27081,Professionals On Line SAC,7,TRUE,1
33332,Berlin Exchange,7,FALSE,0
47652,Dutch Research Council (NWO),7,TRUE,0.8571428571428571
51814,Thoth Open Metadata,7,FALSE,0
230,American Psychiatric Association Publishing,6,TRUE,0
27025,LLC Scienceproblems Team,6,TRUE,1
49210,European Structural Integrity Society (ESIS),6,TRUE,1
54978,BR Publications,6,TRUE,0
13980,Drexel University Libraries,5,TRUE,0.8
14076,University of New Hampshire Libraries,5,FALSE,0
19903,Universidad Catolica Boliviana San Pablo,5,TRUE,0
21583,Progettinrete Srl,5,TRUE,1
33199,Peaceful Science,5,FALSE,0
34139,Deep Science,5,FALSE,0
50530,CodeDay,5,FALSE,0
52951,SciPinion,5,FALSE,0
54445,EMJ LIFE Holdings Pte. Ltd.,5,TRUE,0
56680,OxSci Ltd.,5,TRUE,1
13,American Geophysical Union (AGU),4,TRUE,0
288,Portland Press Ltd.,4,TRUE,1
7024,"Euroasian Scientific and Industrial Chamber, Ltd.",4,TRUE,1
13566,American University of Beirut,4,TRUE,1
27794,Sekolah Tinggi Agama Buddha Nalanda,4,TRUE,1
38096,Bureau International des Poids et Mesures,4,TRUE,0
1959,Linkoping University Electronic Press,3,TRUE,0
3444,Smithsonian Institution,3,TRUE,1
3846,Masaryk University Press,3,TRUE,0.3333333333333333
17301,4ID,3,FALSE,0
32260,Academy of Systems Thinking,3,TRUE,1
36707,"NIA IMPACT Collaboratory at Marcus Institute for Aging Research, Hebrew SeniorLife",3,FALSE,0
50054,Orban Foundation,3,TRUE,0
50958,Institute for Telecommunication Sciences,3,TRUE,1
55235,Chengdu KeChuang Institute of Science and Culture,3,TRUE,1
55866,Scholiora Research Publications,3,TRUE,0
55890,ScholarRx,3,TRUE,1
56893,Amoud University,3,TRUE,1
2868,SciELO Espana/Repisalud,2,TRUE,0
3742,Sociedade Brasileira de Computação,2,TRUE,1
5401,University of Szeged,2,TRUE,1
10226,Auckland University of Technology (AUT) Library,2,TRUE,0
12625,Mississippi State University Libraries,2,TRUE,0
13687,Iowa State University,2,TRUE,0
33787,BDR &quot;Briva Universitate&quot;,2,TRUE,0
34961,Open Access India,2,TRUE,0
35360,Frontier Development Lab,2,TRUE,1
48087,Association of Medical and Pharmaceutical Law,2,FALSE,0
50190,University of Information Technology and Business Education,2,TRUE,0
51541,Institute for Global Negotiation,2,TRUE,0
53095,Explore Science,2,TRUE,1
54977,Open Academic Community,2,TRUE,1
56638,"Asociación Mexicana de Estadística Aplicada e Inteligencia Artificial, AC",2,TRUE,0
57091,Recognition Physics Research Institute,2,TRUE,1
5239,Institute of Slavic Studies Polish Academy of Sciences,1,TRUE,0
5808,"Aurora Group, s.r.o",1,TRUE,1
5932,Technical University of Liberec,1,TRUE,0
7608,Universidad San Francisco De Quito,1,TRUE,0
9949,University of Rhode Island,1,TRUE,0
14094,University of Warwick,1,TRUE,0
17015,Roy Rosenzweig Center for History and New Media,1,TRUE,0
22676,University of Bern,1,TRUE,0
32066,Yayasan Ghalih Pelopor Pendidikan,1,TRUE,1
35633,Scientia International Press,1,TRUE,0
36136,Branch CIRD of the Ministry of Construction and Housing and Communal Services of the Russian Federation the Badge of Honor Ural Research and Design Institute,1,TRUE,0
38473,Machine Learning for Biomedical Imaging,1,TRUE,0
38908,Global Alliance for Genomics and Health Inc.,1,FALSE,0
48703,American Geosciences Institute,1,TRUE,0
48987,InfoEduTec Publications,1,TRUE,0
49883,Eter One LLC,1,TRUE,1
51568,Research on Research Institute,1,FALSE,0
51607,1QBit,1,FALSE,0
52388,Wild Animal Initiative,1,FALSE,0
52645,University Library Tuebingen,1,FALSE,0
53145,Dhvani Publication,1,FALSE,0
53652,Polytechnique Montreal,1,FALSE,0
56619,Science Insights,1,TRUE,0
57244,The Scientific Review,1,TRUE,1
